id,timestamp,severity,service,description,root_cause,resolution
1,2024-01-15 02:30:00,critical,database,MySQL connection pool exhausted causing 500 errors across all API endpoints,Connection pool max_connections set to 50 was insufficient during peak traffic spike to 2000 concurrent users,Increased max_connections to 200 and added connection pooling via PgBouncer
2,2024-01-18 14:15:00,high,web-server,Nginx returning 502 Bad Gateway on all routes,Flask application crashed due to unhandled exception in payment processing module,Fixed exception handling in payment route and added retry logic with exponential backoff
3,2024-01-22 08:45:00,critical,database,Database replication lag exceeded 30 seconds causing stale reads,Large batch DELETE operation on orders table locked rows and blocked replication thread,Broke batch delete into smaller chunks of 1000 rows with 100ms sleep between batches
4,2024-02-01 03:00:00,medium,app-server,API response times degraded from 200ms to 3 seconds,Memory leak in session management module causing garbage collection pauses,Fixed session cleanup cron job and added memory limit alerts at 80% threshold
5,2024-02-05 11:30:00,critical,infrastructure,Complete service outage lasting 45 minutes,Root disk on app-server reached 100% due to unrotated application logs,Configured logrotate for application logs with 7-day retention and 100MB max file size
6,2024-02-10 16:00:00,high,web-server,SSL certificate expired causing HTTPS connection failures,Certificate renewal cron job failed silently due to DNS validation timeout,Fixed DNS provider API credentials and added certificate expiry monitoring alert at 14 days
7,2024-02-15 09:20:00,medium,app-server,Intermittent 503 errors during morning traffic peak,Flask workers exhausted under load — only 2 Gunicorn workers configured,Increased Gunicorn workers to 4 (2x CPU cores) and added worker timeout of 120 seconds
8,2024-02-20 22:00:00,critical,database,Data corruption detected in user_sessions table,Concurrent write operations without proper transaction isolation level,Changed isolation level to SERIALIZABLE for session writes and added row-level locking
9,2024-03-01 06:30:00,high,infrastructure,Network connectivity lost between app-server and db-server for 10 minutes,VirtualBox host-only network adapter crashed during host OS update,Configured network adapter auto-recovery and added cross-VM ping health checks
10,2024-03-05 13:00:00,medium,app-server,Background job queue backed up with 50000 pending tasks,Redis instance running out of memory causing job serialization failures,Upgraded Redis maxmemory to 2GB and configured eviction policy to allkeys-lru
11,2024-03-10 01:15:00,critical,database,Automated backup job failed for 3 consecutive nights,Backup script target directory ran out of disk space on NFS mount,Added pre-backup disk space check and configured backup rotation to keep only last 7 days
12,2024-03-15 10:45:00,high,web-server,Nginx upstream timeout errors on /api/reports endpoint,Report generation query running for 60+ seconds exceeding Nginx proxy_read_timeout of 30s,Optimized slow query with composite index and increased proxy_read_timeout to 120s
13,2024-03-20 17:30:00,medium,app-server,User authentication failures spiking to 15% error rate,Redis session store connection pool exhausted during flash sale traffic,Increased Redis connection pool size from 10 to 50 and added connection retry logic
14,2024-03-25 04:00:00,critical,infrastructure,CPU usage sustained at 99% on app-server for 2 hours,Runaway cron job performing full table scan on 10M row analytics table,Killed runaway process and added query timeout of 300 seconds and CPU usage alerting
15,2024-04-01 12:00:00,high,database,Slow query log showing 500+ queries taking longer than 5 seconds,Missing index on frequently queried user_orders.created_at column,Added composite index on (user_id, created_at) reducing query time from 5s to 50ms
16,2024-04-05 07:30:00,medium,web-server,Static asset serving causing high TTFB (Time To First Byte),Nginx not configured for gzip compression and missing browser caching headers,Enabled gzip compression and added Cache-Control headers with 30-day max-age for static files
17,2024-04-10 15:45:00,critical,app-server,Application deployment caused 10-minute downtime,Deployment script stopped old container before new one was health-checked,Implemented blue-green deployment with health check gates before traffic switchover
18,2024-04-15 20:00:00,high,database,Database connection refused errors from application,MySQL max_connections limit reached due to connection leak in ORM layer,Fixed connection leak by ensuring proper connection.close() in finally blocks and added connection timeout
19,2024-04-20 11:15:00,medium,infrastructure,DNS resolution failures causing intermittent API timeouts,Local DNS cache on app-server became stale after upstream DNS provider change,Reduced DNS TTL to 60 seconds and configured systemd-resolved with fallback DNS servers
20,2024-04-25 08:00:00,critical,web-server,All HTTP requests returning 403 Forbidden,File permissions changed on application directory during security hardening script,Reverted permissions to 755 for directories and 644 for files and added permission check to CI pipeline
21,2024-05-01 14:30:00,high,app-server,Memory usage climbing steadily reaching 95% over 48 hours,Large pandas DataFrame held in memory for report generation not garbage collected,Implemented chunked processing for reports and added explicit del/gc.collect() after processing
22,2024-05-05 03:45:00,medium,database,Nightly ETL job taking 4 hours instead of usual 30 minutes,Table statistics outdated causing MySQL query optimizer to choose full table scan,Ran ANALYZE TABLE on affected tables and scheduled weekly statistics refresh
23,2024-05-10 09:30:00,critical,infrastructure,SSH access to all VMs lost,iptables rules flushed during firewall update script removed SSH allow rule,Restored SSH rule via VirtualBox console access and added iptables-persistent with SSH rule pinned
24,2024-05-15 16:15:00,high,app-server,WebSocket connections dropping every 60 seconds,Nginx proxy_read_timeout default of 60s closing idle WebSocket connections,Set proxy_read_timeout to 3600s and added WebSocket-specific proxy headers (Upgrade Connection)
25,2024-05-20 12:00:00,medium,web-server,High rate of 404 errors in access logs after URL migration,Old URL paths not redirected to new API versioned endpoints,Added nginx rewrite rules for v1 to v2 URL mapping and 301 redirects for deprecated paths
26,2024-05-25 21:00:00,critical,database,Primary database server crashed and failover did not activate,Replication monitoring was disabled and secondary server had fallen 6 hours behind,Re-enabled replication monitoring alerts and implemented automated failover with 30-second detection
27,2024-06-01 07:00:00,high,infrastructure,Disk I/O wait times exceeding 500ms causing application slowness,Noisy neighbor VM on same physical host consuming excessive disk bandwidth,Migrated VM to dedicated host and configured I/O scheduler to deadline for better latency
28,2024-06-05 13:30:00,medium,app-server,Healthcheck endpoint returning 200 but application functionally broken,Healthcheck only verified process running not actual database connectivity,Enhanced healthcheck to verify DB connection Redis connection and return degraded status
29,2024-06-10 02:15:00,critical,web-server,TLS handshake failures after OpenSSL security update,Updated OpenSSL deprecated TLS 1.0/1.1 protocols still configured in Nginx,Updated Nginx ssl_protocols to TLS 1.2 and 1.3 only and regenerated DH parameters
30,2024-06-15 10:00:00,high,database,Query cache hit ratio dropped from 90% to 10% after restart,MySQL query cache invalidated on restart and warm-up queries not configured,Added query cache warm-up script to systemd service ExecStartPost and implemented application-level caching with Redis
31,2024-06-20 18:45:00,medium,infrastructure,Monitoring gaps showing no data for 2-hour window,Node Exporter process killed by OOM killer during memory pressure event,Set OOMScoreAdjust=-500 for Node Exporter service and added memory reservation
32,2024-06-25 05:30:00,critical,app-server,Zero-day vulnerability CVE exploitation attempt detected in logs,Outdated dependency with known RCE vulnerability in JSON parsing library,Emergency patched dependency and added automated CVE scanning to CI pipeline with blocking policy
